{
    "staff": [
        {
            "id": "Operations - A. Ramirez",
            "x": 0.41982716,
            "y": 0.40727666
        },
        {
            "id": "Field Tech - J. Ortiz",
            "x": 0.553434,
            "y": 0.5127334
        }
    ]
}
